{
  "edge": {
    "hall": {
      "vertices": [
        2.501249, 0.6, 
        2.498751, -0.6, 
        -2.498751, 0.6, 
        -2.501249, -0.6
      ],
      "indices": [1, 3, 2, 0]
    },
    "elevator-door": {
      "vertices": [
        0.01552325, 0, 
        0.01552325, 0.6, 
        -0.0155223, 0, 
        -0.0155223, 0.6
      ],
      "indices": [0, 1, 2, 3, 2, 0, 1, 3]
    },
    "elevator": {
      "vertices": [
        1, -1, 
        1, 1, 
        -1, -1, 
        -1, 1, 
        1, 0.6, 
        1, -0.6
      ],
      "indices": [0, 5, 1, 3, 2, 0, 4, 1, 3, 2]
    },
    "level-2": {
      "vertices": [
        -0.003053665, 4.877936,
        4.219164, 2.437053,
        4.216408, -2.439937,
        -0.008570075, -4.876041,
        -2.809385, 1.621705,
        -0.003979861, 3.239292,
        2.799594, 1.618534,
        2.797764, -1.619812,
        -0.007642269, -3.237399,
        -2.811216, -1.616641,
        -4.22803, 2.44183,
        -4.23079, -2.435159,
        -4.22895, 0.6000483,
        -4.229869, -0.6001892
      ],
      "indices": [0, 1, 2, 3, 4, 5, 5, 6, 6, 7, 7, 8, 8, 9, 11, 13, 10, 0, 1, 2, 3, 11, 12, 10, 9, 4]
    },
    "level": {
      "vertices": [
        -0.003053665, 4.877936,
        4.219164, 2.437053,
        4.216408, -2.439937,
        -0.008570075, -4.876041,
        -2.809385, 1.621705,
        -0.003979861, 3.239292,
        2.799594, 1.618534,
        2.797764, -1.619812,
        -0.007642269, -3.237399,
        -2.811216, -1.616641,
        -4.22803, 2.44183,
        -4.23079, -2.435159,
        -4.22895, 0.6000483,
        -4.229869, -0.6001892,
        1.590055, -3.954139,
        2.629759, -3.354928,
        2.630395, 3.355391,
        1.591238, 3.95641
      ],
      "indices": [16, 1, 14, 3, 4, 5, 7, 8, 6, 7, 8, 9, 11, 13, 10, 0, 0, 17, 1, 2, 2, 15, 3, 11, 12, 10, 5, 6, 9, 4]
    },
    "hall-door": {
      "vertices": [
        0.05360442, 0.6000001,
        0.05360442, -0.6,
        -0.05345177, -0.6,
        -0.05345177, 0.6000001
      ],
      "indices": [0, 1, 3, 2, 1, 2, 3, 0]
    },
    "door-panel": {
      "vertices": [
        1.000936, -1,
        1.639849, 1,
        -1.000936, -1,
        -1.639849, 1
      ],
      "indices": [0, 1, 1, 3, 3, 2, 2, 0]
    }
  },
  "circle": {
    "door-panel": {
      "radius": 2
    }
  }
}