{
  "edge": {
    "level": {
      "vertices": [0.003053665, 4.877936, -0.4241049, -4.219164, 2.437053, -0.4241049, -4.216408, -2.439937, -0.4241049, 0.008570075, -4.876041, -0.4241049, 2.809385, 1.621705, -0.423283, 0.003979861, 3.239292, -0.423283, -2.799594, 1.618534, -0.423283, -2.797764, -1.619812, -0.423283, 0.007642269, -3.237399, -0.423283, 2.811216, -1.616641, -0.423283, 4.22803, 2.44183, -0.4241049, 4.23079, -2.435159, -0.4241049],
      "indices": [0, 1, 2, 3, 4, 5, 5, 6, 6, 7, 7, 8, 8, 9, 10, 0, 1, 2, 3, 11, 11, 10, 9, 4]
    }
  },
  "circle": {
    "door-panel": {
      "radius": 2
    }
  }
}