{"monster_0":{"translation":{"x":34.666079706812354,"y":-1.0001699999999385,"z":-4.406374158111866}},"monster_1":{"translation":{"x":37.718762239133284,"y":-1.0001699999999385,"z":14.857055803187038}},"monster_2":{"translation":{"x":25.59685857191302,"y":-1.0001699999999385,"z":24.534585492825983}},"monster_3":{"translation":{"x":6.274285705469978,"y":-1.0001699999999385,"z":39.20132266838741}},"monster_4":{"translation":{"x":-8.19271711153537,"y":-1.0001699999999385,"z":38.1862531645319}},"monster_5":{"translation":{"x":-26.591534095161713,"y":-1.0001699999999385,"z":26.199873715009893}},"monster_6":{"translation":{"x":-36.21264645404332,"y":-1.0001699999999385,"z":4.676319897429469}},"monster_7":{"translation":{"x":-35.96224330448557,"y":-1.0001699999999385,"z":-12.995496496620609}},"monster_8":{"translation":{"x":-18.71416925907925,"y":-1.0001699999999385,"z":-32.45649135374806}},"monster_9":{"translation":{"x":-12.420592912172525,"y":-1.0001699999999385,"z":-33.44485544361593}},"monster_10":{"translation":{"x":61.43869615520366,"y":-1.5000900000009665,"z":78.78546208637965}},"monster_11":{"translation":{"x":79.2559831933002,"y":-1.5000900000009665,"z":80.42135211461608}},"monster_12":{"translation":{"x":92.65100480159361,"y":-1.5000900000009665,"z":91.08401633143095}},"monster_13":{"translation":{"x":104.0004904397222,"y":-1.5000900000009665,"z":107.71490624994014}},"monster_14":{"translation":{"x":100.53885053884825,"y":-1.5000900000009665,"z":123.03208579246585}},"monster_15":{"translation":{"x":103.72193198137325,"y":-1.5000900000009665,"z":136.2589063264552}},"monster_16":{"translation":{"x":84.51684893778707,"y":-1.5000900000009665,"z":145.61869025739912}},"monster_17":{"translation":{"x":54.35050459395776,"y":-1.5000900000009665,"z":150.57600996336785}},"monster_18":{"translation":{"x":37.329468704986795,"y":-1.5000900000009665,"z":143.3180548573028}},"monster_19":{"translation":{"x":47.04364377846677,"y":-1.5000900000009665,"z":140.93654985695883}},"monster_20":{"translation":{"x":31.225777495273842,"y":-1.5000900000009665,"z":115.45335963707697}},"monster_21":{"translation":{"x":-75.03412469144645,"y":-0.9994200000005549,"z":0.839927329623801}},"monster_22":{"translation":{"x":-112.24690071386438,"y":-0.4990800000001627,"z":-27.853512236229665}},"monster_23":{"translation":{"x":-125.15254031927643,"y":-0.4990800000001627,"z":-33.4899360615304}},"monster_24":{"translation":{"x":-150.0644816506202,"y":-0.4990800000001627,"z":-31.45554847500024}},"monster_25":{"translation":{"x":-170.7152946898849,"y":-0.4990800000001627,"z":-8.192220685885252}},"monster_26":{"translation":{"x":-167.94188772228458,"y":-0.4990800000001627,"z":7.060942081625029}},"monster_27":{"translation":{"x":-157.8059135552241,"y":-0.4990800000001627,"z":25.491550456224935}},"monster_28":{"translation":{"x":-138.95376421887437,"y":-0.4990800000001627,"z":39.889775539705084}},"monster_29":{"translation":{"x":-122.06872677678169,"y":-0.4990800000001627,"z":29.483640645342106}},"monster_30":{"translation":{"x":-109.31575076000728,"y":-0.4990800000001627,"z":28.289082469784624}},"monster_31":{"translation":{"x":-106.85559100963671,"y":-0.4990800000001627,"z":20.92582601272295}},"monster_32":{"translation":{"x":-208.143123192764,"y":-1.99973999999969,"z":-75.25698128653111}},"monster_33":{"translation":{"x":-221.7686726029783,"y":-1.99973999999969,"z":-88.93151850298761}},"monster_34":{"translation":{"x":-236.5712511368258,"y":-1.99973999999969,"z":-90.03946202179584}},"monster_35":{"translation":{"x":-237.50115150836413,"y":-1.99973999999969,"z":-112.7604661950467}},"monster_36":{"translation":{"x":-238.04120338174206,"y":-1.99973999999969,"z":-131.1137829981122}},"monster_37":{"translation":{"x":-223.35054739946855,"y":-1.99973999999969,"z":-142.4530432038833}},"monster_38":{"translation":{"x":-205.72568267038884,"y":-1.99973999999969,"z":-158.82651337603806}},"monster_39":{"translation":{"x":-184.46270056370815,"y":-1.99973999999969,"z":-150.0458543092844}},"monster_40":{"translation":{"x":-173.4522229878721,"y":-1.99973999999969,"z":-138.2616686041885}},"monster_41":{"translation":{"x":-166.2559702418084,"y":-1.99973999999969,"z":-118.37123845024291}},"monster_42":{"translation":{"x":-173.30850098244755,"y":-0.00048000000049341907,"z":66.08572185577101}},"monster_43":{"translation":{"x":-215.75854461784093,"y":-0.00048000000049341907,"z":82.82005605565926}},"monster_44":{"translation":{"x":-226.32306848435152,"y":-0.00048000000049341907,"z":92.22570131056901}},"monster_45":{"translation":{"x":-233.954892758409,"y":-0.00048000000049341907,"z":90.71482029616152}},"monster_46":{"translation":{"x":-234.23215883918866,"y":-0.00048000000049341907,"z":116.39931974823538}},"monster_47":{"translation":{"x":-240.89663671562053,"y":-0.00048000000049341907,"z":130.18089893106597}},"monster_48":{"translation":{"x":-212.3851505137412,"y":-0.00048000000049341907,"z":151.43756668897475}},"monster_49":{"translation":{"x":-191.25766242935202,"y":-0.00048000000049341907,"z":147.1603898287107}},"monster_50":{"translation":{"x":-168.58408560165077,"y":-0.00048000000049341907,"z":140.04394209989857}},"monster_51":{"translation":{"x":-166.70590886337945,"y":-0.00048000000049341907,"z":112.1506087734507}},"monster_52":{"translation":{"x":-308.25852781829707,"y":0.9997199999997974,"z":139.04339648681668}},"monster_53":{"translation":{"x":-321.76432905758355,"y":0.9997199999997974,"z":151.690980174375}},"monster_54":{"translation":{"x":-332.4357907410889,"y":0.9997199999997974,"z":150.87676295033313}},"monster_55":{"translation":{"x":-342.90696237350573,"y":0.9997199999997974,"z":156.50391064575183}},"monster_56":{"translation":{"x":-359.58094849983064,"y":0.9997199999997974,"z":144.0679593634101}},"monster_57":{"translation":{"x":-374.3036485908792,"y":0.9997199999997974,"z":122.95685094378578}},"monster_58":{"translation":{"x":-370.6008177155275,"y":0.9997199999997974,"z":105.7910874576311}},"monster_59":{"translation":{"x":-367.75721020338744,"y":0.9997199999997974,"z":92.81102417184846}},"monster_60":{"translation":{"x":-357.9317476851425,"y":0.9997199999997974,"z":92.81653726210594}},"monster_61":{"translation":{"x":-356.50060701804426,"y":0.9997199999997974,"z":85.67700937166445}},"monster_62":{"translation":{"x":-338.4925058851645,"y":0.9997199999997974,"z":78.18530582760835}},"monster_63":{"translation":{"x":-314.35946299497056,"y":0.9997199999997974,"z":83.16286766928053}},"monster_64":{"translation":{"x":-310.564762281804,"y":0.9997199999997974,"z":94.20412815081934}}}