{"node_0":{"translation":{"x":50.63845813625554,"y":-0.4989199999999272,"z":-88.76543059907394}},"node_1":{"translation":{"x":17.231079015898793,"y":-0.4989199999999272,"z":-30.009945279279947}},"node_2":{"translation":{"x":35.02315114166629,"y":-0.4989199999999272,"z":-20.72081967648273}},"node_3":{"translation":{"x":-0.1347326584079145,"y":-0.4989199999999272,"z":-38.718992489906604}},"node_4":{"translation":{"x":-35.1214178717239,"y":-0.4989199999999272,"z":-19.642494941798127}},"node_5":{"translation":{"x":-34.15362483388434,"y":-0.4989199999999272,"z":0.3601987542587588}},"node_6":{"translation":{"x":-35.0424217867076,"y":-0.4989199999999272,"z":20.80492973362593}},"node_7":{"translation":{"x":-0.045031171189153806,"y":-0.4989199999999272,"z":41.47708221399839}},"node_8":{"translation":{"x":17.099892083335334,"y":-0.4989199999999272,"z":30.197023160820955}},"node_9":{"translation":{"x":34.827796332751625,"y":-0.9973699999999752,"z":19.4118376047835}},"node_10":{"translation":{"x":49.129653244696875,"y":0.005070000003300379,"z":85.3488104402034}},"node_11":{"translation":{"x":67.20761273240765,"y":-0.49541999999330244,"z":75.76628458579015}},"node_12":{"translation":{"x":32.02649271649608,"y":0.5061100000062453,"z":94.5753430518597}},"node_13":{"translation":{"x":31.51269194883364,"y":-0.4938899999937547,"z":136.14148706579996}},"node_14":{"translation":{"x":102.87167234709436,"y":-0.4938899999937547,"z":95.82810345927311}},"node_15":{"translation":{"x":102.12931084819637,"y":-0.9942799999907237,"z":136.42283972801758}},"node_16":{"translation":{"x":66.82438024516182,"y":-0.9942799999907237,"z":154.8044916693034}},"node_17":{"translation":{"x":-98.01153327639813,"y":-0.4942099999913552,"z":-0.4555373588750639}},"node_18":{"translation":{"x":-98.7809937361954,"y":-1.9946599999922654,"z":-19.85971308380332}},"node_19":{"translation":{"x":-101.70661207255357,"y":-0.9958999999900442,"z":19.900338149579277}},"node_20":{"translation":{"x":-134.5543634072444,"y":-0.9958999999900442,"z":39.574531414774945}},"node_21":{"translation":{"x":-151.75837778368015,"y":0.0041000000099558065,"z":30.08739753420855}},"node_22":{"translation":{"x":-169.7013201256816,"y":-0.9958999999900442,"z":20.556347495097512}},"node_23":{"translation":{"x":-169.61845329118415,"y":-0.4957400000045453,"z":-20.767407856621222}},"node_24":{"translation":{"x":-152.1211997974113,"y":-0.4964600000027275,"z":-30.49816727346113}},"node_25":{"translation":{"x":-134.82726962481314,"y":-0.4964600000027275,"z":-39.74253821675881}},"node_26":{"translation":{"x":-183.87733097787535,"y":-0.08073500000072897,"z":-85.14317199928081}},"node_27":{"translation":{"x":-166.37149537878625,"y":0.6692399999976288,"z":-95.87932481493408}},"node_28":{"translation":{"x":-201.60846572084586,"y":0.6692399999976288,"z":-77.31562947289804}},"node_29":{"translation":{"x":-237.0687122023518,"y":-1.7475599999959712,"z":-96.53823442851535}},"node_30":{"translation":{"x":-235.8471775053654,"y":-0.4137599999956336,"z":-136.59173600411597}},"node_31":{"translation":{"x":-201.98708514182022,"y":-1.3295099999913162,"z":-156.6109500066303}},"node_32":{"translation":{"x":-168.15992942610083,"y":-1.3295099999913162,"z":-135.6234655183306}},"node_33":{"translation":{"x":-184.0686067426185,"y":1.1689900000187237,"z":84.6140045049991}},"node_34":{"translation":{"x":-201.5216006996244,"y":1.1689900000187237,"z":78.39704480926099}},"node_35":{"translation":{"x":-168.74060319559578,"y":1.1689900000187237,"z":97.92114683447794}},"node_36":{"translation":{"x":-169.77651777547038,"y":1.1689900000187237,"z":135.44766925346795}},"node_37":{"translation":{"x":-184.36024086293537,"y":1.1689900000187237,"z":147.14844472742624}},"node_38":{"translation":{"x":-201.91675350562093,"y":1.1689900000187237,"z":156.45130726404793}},"node_39":{"translation":{"x":-236.48255646306126,"y":1.1691650000154397,"z":136.58334391706063}},"node_40":{"translation":{"x":-238.80722148762416,"y":1.5856150000156077,"z":116.10971200706548}},"node_41":{"translation":{"x":-237.724299666653,"y":1.5856150000156077,"z":95.81551806224364}},"node_42":{"translation":{"x":-299.7178583760416,"y":0.33556500001687084,"z":116.22634139160736}},"node_43":{"translation":{"x":-300.6641929248268,"y":0.33556500001687084,"z":96.55931196295083}},"node_44":{"translation":{"x":-335.6523529978952,"y":0.33556500001687084,"z":77.36821392785583}},"node_45":{"translation":{"x":-370.49517770415963,"y":-0.08053499997281222,"z":95.72933958908611}},"node_46":{"translation":{"x":-370.5496791299208,"y":-0.08053499997281222,"z":135.7350095600738}},"node_47":{"translation":{"x":-336.167023495677,"y":0.33564000000815497,"z":158.69682252613498}},"node_48":{"translation":{"x":-300.5701111216819,"y":0.33564000000815497,"z":136.89472991433422}},"node_49":{"translation":{"x":-150.67538359451794,"y":0.33444000000550034,"z":205.21670571550425}}}